# wt148 · PROMISES ADJUDICATED — one row per (sentence, named artefact) that scripts/wt148_promise_sweep.py
# emits for an in-scope manuscript. A row is a CLAIM: that a human RAN OR READ the artefact and found
# the sentence borne out (or not). It is not a claim that the sentence looks fine.
#
# HOW TO FALSIFY A ROW — and you should, because a row nobody re-checks is worth nothing:
#   1. Take the row's `evidence` column. It names a command to run or a file to read.
#   2. Run it or read it. If it does not show what `note` says it shows, the row is FALSE.
#   3. Delete the row. `python3 scripts/wt148_promise_sweep.py` goes RED on the next run, because the
#      promise it covered becomes unadjudicated. That is how this file is audited rather than trusted.
#   Editing the SENTENCE also invalidates the row: `promise_id` is a hash of (paper, artefact,
#   sentence), so a reworded promise gets a new id and the old row is reported STALE. Re-check, do not
#   re-key.
#
# CLASSES
#   H  HELD       — the artefact bears the sentence out.
#   N  NOT A PROMISE — the sentence names the artefact but asserts nothing about it that could fail
#                   independently of a row adjudicated elsewhere. Still checked; still a row.
#   R  REPAIRED   — the artefact did NOT bear it out; the manuscript was changed in the same pass, and
#                   `note` says what failed and which script repaired it.
#   C  CARDED     — failed, not repairable in-pass; `note` carries a NAMED FALSIFIER.
#
# SCOPE. The line below is the gate. Adding a manuscript stem to it turns the sweep red until every
# promise that manuscript emits carries a row. Widening scope is a data edit, deliberately.
#scope	paper-III	paper-IV
#
# paper<TAB>promise_id<TAB>artefact<TAB>class<TAB>evidence<TAB>note<TAB>sentence
paper-III	bb9fba4abf	PRE-002	H	python3 scripts/wt089_recognition_and_offdiagonal.py (RC 0) §3 A1	POOLED n=695 d=613 alpha_yr=0.4077 [0.3827,0.4319] -> the paper's 0.408 [0.383,0.432], and PRE-002 is the instrument that dates the events	**That made the recognition rate, not the ordering, the quantity to establish first — and §5.4 establishes it.** On the registered sample the recognition rate PRE-002's instrument identifies is **α̂ = 0.408 per year**, 95% interval [0.383, 0.432], on both known biases' inflating side: the calibration used here is low by an order of magnitude, and the asserted rectangle lies inside the domain at the measured rate and across its 95% interval, where **0.974** of the 683 disclosed pairs are admissible and **0.959** at the interval's lower bound.
paper-III	719d407124	REG-003	H	read docs/preregistration/REG-003-...md §3.3	§3.3 is titled 'Two biases, their direction registered before the number'; B2 registers the peak_onset doubt in advance, which is the doubt the unregistered 0.327 cut is aimed at. The 0.327/0.814 figures are RESULT-REG-003 §2's, and scripts/wt110_edits_c21_labels.py is the commit that relabelled the cut 'unregistered'	At the unregistered cut aimed at the doubt REG-003 §3.3 registered in advance — the 175 events charged one quarter after the peak dropped, giving **0.327** — the rectangle's own fastest disclosed rate of 0.3333 is no longer cleared, and **0.814** of the pairs remain admissible.
paper-III	4ce8cf4bc5	PRE-002	H	wt089 §3 A2	discrete Weibull k-hat = 1.210, 95% profile CI [1.135, 1.285], q-hat 0.9213 -- printed verbatim; constant hazard REJECTED	§5.4 measures the recognition rate PRE-002's instrument identifies and, in the same fit, rejects the shape the model assumes: discrete Weibull k̂ = 1.210, 95% interval [1.135, 1.285], stable under truncation at eight, twelve and sixteen quarters.
paper-III	fb26fc52b4	REG-004	H	read docs/preregistration/REG-004-p3-age-dependent-recognition.md	REG-004 is the age-dependent-recognition registration; the sentence is a pointer to what it asks, and it asks it	REG-004 asks what it was doing.
paper-III	79acf1691f	REG-004	H	read REG-004 + RESULT-REG-004.md	REG-004 names the two channels (R2 lowers K; a flatter transform pushes the crossing up) in advance and they oppose	REG-004 named the two channels in advance and they oppose: a lower R₂ lowers K and pushes the crossing down, a flatter transform pushes it up.
paper-III	3bdab165bf	REG-005	H	read docs/preregistration/REG-005-...md §2 and §5	§2 registers exactly four falsifiers, F1 Nesting / F2 Non-vacuity / F3 Witness / F4 the T=0 mass; §5 registers exactly five ladders, I, P, S, N and W. Four and five, counted	**It leaves a trace, and the trace has a size.** REG-005 registered the question, four falsifiers and five ladders before `wt091` existed.
paper-III	e949f42f3b	wt091	H	git log on both paths	REG-005 committed 6f0e7be 2026-08-12 15:10:24; wt091 first appears at 42ca377 2026-08-12 16:24:12 -- registration precedes the instrument by 74 minutes	**It leaves a trace, and the trace has a size.** REG-005 registered the question, four falsifiers and five ladders before `wt091` existed.
paper-III	caf38c6060	REG-005	H	read REG-005 §5 ladders I and W	'invisible below one part in a thousand' is ladder I's predicted rung I2 (1e-6 <= eps < 1e-3); 'a hundred times the event-date interval' is ladder W's predicted rung W4 (W >= 100). Both predictions are registered, both are quoted correctly, and the paper reports both wrong in the same direction	**Two predictions registered in advance were wrong, in the same direction.** REG-005 predicted the shape would be invisible below one part in a thousand and that the shape interval would be a hundred times the event-date interval, reasoning from the density of rational lag distributions in lag space and from the classical ill-conditioning of exponential sums, where a three-term signal is reproduced by two terms to a few parts in ten thousand with rates bearing no relation to the truth (Lanczos, 1956, as quantified by Varah, 1982).
paper-III	988f2c17eb	PRE-001	H	git log/cat-file on darwin, wealthTensor-82	git show --name-only 9722342 lists exactly one file: docs/preregistration/PRE-001-wt026-observability-lag.md. Committed alone, as claimed	**The registration preceded the data.** PRE-001 was committed **alone**, at commit 9722342, and pushed, before any lag was computed; the analysis code did not yet exist.
paper-III	c8ce16780e	9722342	H	git log/cat-file on darwin, wealthTensor-82	type=commit, 2026-08-05, 'PRE-001: pre-register the WT-026 severe test, before any lag is computed'; single-file commit	**The registration preceded the data.** PRE-001 was committed **alone**, at commit 9722342, and pushed, before any lag was computed; the analysis code did not yet exist.
paper-III	3e80798925	PRE-001	N	read §5.1	a pointer to what PRE-001 timestamps; asserts nothing about the artefact that could fail independently of the row above	**A disclosure, because the discipline just described does not fully cover the test this paper reports.** PRE-001 timestamps the *prediction*.
paper-III	d9f85198a4	PRE-002	H	git log/cat-file on darwin, wealthTensor-82	git log shows RESULT-001-* logs entered at d655501 and the analysed result later; the history does establish registration before outcome	The result reported in §5.3 comes from PRE-002, which specifies a different *instrument* — and PRE-002's registration shipped in the same commit (d655501) as the implementation of that instrument.
paper-III	6d3081f7d0	d655501	H	git log/cat-file on darwin, wealthTensor-82	type=commit, 2026-08-05, 'WT-026 severe test: the prediction FAILS on both registered universes'	The result reported in §5.3 comes from PRE-002, which specifies a different *instrument* — and PRE-002's registration shipped in the same commit (d655501) as the implementation of that instrument.
paper-III	ff83025f93	PRE-002	H	git log/cat-file on darwin, wealthTensor-82	git log shows RESULT-001-* logs entered at d655501 and the analysed result later; the history does establish registration before outcome	The result itself came later, at a subsequent commit, so the git history still establishes that PRE-002 was registered before its outcome existed.
paper-III	4459d67fab	PRE-001	N	read §5.1	a comparative claim about the two registrations' evidential standing; names PRE-001 but asserts nothing about the file	The point is that this is an *account* rather than a demonstration, whereas for PRE-001 it is a demonstration.
paper-III	c487d43b12	PRE-002	N	read §5.1	states a programme RULE adopted after PRE-002; the artefact is named as the rule's date-stamp, not as its subject	A reader is entitled to weight the two differently, and this programme now requires that a registration precede the **instrument's code**, not merely the result — a rule it did not have when PRE-002 was written.
paper-III	e949978dfa	PRE-001	H	read docs/preregistration/RESULT-001-wt026.md	PRE-001 returned a null in both universes and the two nulls disagree -- the result document says so	The first test (PRE-001) returned a null in both universes, and the two nulls did not even agree with each other.
paper-III	22a534478f	PRE-002	H	read docs/preregistration/PRE-002-wt026-peak-to-charge.md	every clause checks: peak-to-charge onset (§title), label permutation 1000x (§4), power curve reported whatever happens (§4), alpha = 0.025 one-sided Bonferroni (§4), and §5 'The stopping rule' states in advance that there is no third instrument	**This diagnosis was not permitted to rescue the result.** A second, **separately numbered** registration (PRE-002) was written with a different onset instrument (peak-to-charge), a label-permutation negative control, a power curve to be reported whatever happened, the significance level tightened to 0.025 for the second look, and — decisively — an explicit **stopping rule** stating in advance that there would be no third instrument.
paper-III	ee0a0d8810	PRE-001	N	read the §5.3 table header	a table column label; the promise it makes is the one already adjudicated at L1188 and L1211	| | PRE-001 (streak onset) | PRE-002 (peak onset) |
paper-III	151b957f9d	PRE-002	N	read the §5.3 table header	a table column label; see L1230	| | PRE-001 (streak onset) | PRE-002 (peak onset) |
paper-III	c50873f849	PRE-001	H	docs/preregistration/RESULT-002-pilot-run.log + RESULT-001-wt026.md	both z-statistics negative (pilot z=-0.290, replication z=-0.095), running opposite to the predicted ordering, as in the PRE-001 pilot	**The shape of the failure, stated as sharply as the data allow.** Both z-statistics are negative, meaning the point estimates ran *opposite* to the predicted ordering in both universes, as they had in the PRE-001 pilot.
paper-III	e982f4354d	REG-003	H	git log/cat-file on darwin, wealthTensor-82	REG-003 registered at b088cc8 2026-08-12 12:57:06; its instrument wt089_recognition_and_offdiagonal.py first appears at 0569ab6 2026-08-12 13:37:24 -- 40 minutes later. Two questions, both returned	Two were registered in `REG-003`, committed and pushed before the instrument existed, and both returned.
paper-III	93662b4195	data/pre-002-events.json	H	wt089 §2 reconciliation block	rebuilt 695 events / 313 firms (122+191) against RESULT-002's 688 / 311 (121+190); pilot tier counts 21/21, 34/34, 34/34 identical and 155->158 not -- three of four, as claimed; censored share 7.7% rebuilt against the pilot log's 7.8%	The firm count is read back out of the committed `data/pre-002-events.json`; an earlier revision of this sentence said 307, which would have made the rebuild *fail* the one-per-cent reconciliation the sentence exists to assert.
paper-III	823e26924e	PRE-002	H	wt089 §3 A3	the three registered sensitivities print 0.3970, 0.4986 and 0.4129 -- the paper's 0.397, 0.499 and 0.413	The three sensitivities registered with PRE-002 give 0.397, 0.499 and 0.413.
paper-III	55f23be268	REG-006	H	read docs/preregistration/RESULT-REG-006.md	published 4.35x/4.03x; repaired 3.99x (p 0.0012) and 2.17x (p 0.085, loses Holm significance); unrepaired same crawl 3.63x and 4.14x. Every figure in the sentence is in the result document	Property with goodwill was published at 4.35× and 4.03× on a tier whose tag list omitted the element most filers use for it; `REG-006` repairs the omission and re-derives that cell at **3.99×** and **2.17×**, against **3.63×** and **4.14×** from the same crawl unrepaired — so the repair *raises* the retail cell and takes the computer-services one below significance, and its cross-sector agreement does not survive the repair.
paper-III	80d7719907	REG-006	H	read RESULT-REG-006.md	'No cell carries the registered sign'; the document's own title is 'the net cannot be signed from entity-level filings'	**Under the ordering alone the two charges are substitutes at the margin, and this sample shows them as complements.** Signing the net requires the two charges at the reporting-unit level, which US filings do not disclose; `REG-006` registered an entity-level test of the suppressing channel and it returned no consistent sign in either sector.
paper-III	d0b1f3a2bc	REG-007	H	read docs/preregistration/RESULT-REG-007.md	REG-007 measures the triggering-disclosure route and reports that it identifies neither charge	The natural fallback is the triggering *disclosure* rather than the charge, and `REG-007` measures why that route does not identify either.
paper-III	435626b096	REG-008	H	read RESULT-REG-008.md §2	mandated window 644 -> 0.1025, placebo 949 -> 0.0295 (the paper's 0.103 against 0.030); M1 named unit +0.0139 at p 0.6013 (the paper's +0.014, p 0.60); detectable Lambda >= 0.068 at 80% power	`REG-008` sharpens the instrument to the sentence and to the *named* reporting unit, and the separation from the placebo more than doubles — **0.103 against 0.030** — while the joint-versus-goodwill-only difference stays at **+0.014** (*p* 0.60) in a design that could have detected 0.068.
paper-III	6c1665993f	METHOD-001	H	read docs/METHOD-001-the-phantom-tag.md	the document's title says 'six times' and its §1 is 'The six instances'; six, and retired before publication	| **The framework's guards can fail** | audit of the guards themselves | a guard that could not fail passing silently | **six found and retired**, before publication, recorded in `METHOD-001` |
paper-III	4aeeb0fbdf	PRE-001	N	read §9	a limitation heading naming the instrument; the substance is adjudicated at L1188/L1211	**The streak-onset instrument (PRE-001).** §5.2.
paper-III	555069bb54	PRE-002	H	read PRE-002 §5	the stopping rule was registered in advance and it does bar a third instrument -- §5 says so in as many words	**Re-specifying the onset rule until it worked.** After PRE-002 also failed, a third instrument was available and was not built, because PRE-002's stopping rule had been registered in advance.
paper-III	f6848585e1	PRE-002	H	wt089 §3 A1/A2	alpha is measured for the quantity PRE-002's instrument dates; 0.408/yr on the registered sample against the 0.05 swept in the body, and the constant hazard is rejected	**φ and θ are not measured; they are swept — and for φ the reason is §4.** α is measured, but for the quantity PRE-002's instrument dates rather than for the model's α: §5.4 estimates that rate at 0.408 per year on the registered sample, against the 0.05 swept through the body and on both known biases' inflating side, and finds the constant hazard the model assumes to be rejected.
paper-III	2a403db2ef	docs/notes/NOTE-001-phi-identifiability.md	H	ls -l + git ls-files on darwin, wealthTensor-82	present, 144 lines, and it is the conditioning-result note the parenthesis says it is	(Method, scripts and full figures for the conditioning result that preceded the theorem: `docs/notes/NOTE-001-phi-identifiability.md`.
paper-III	fd2b77f988	RESULT-REG-008	H	read RESULT-REG-008.md §2.2	§2.2 is 'At sentence level the (f) family and the named unit never meet': zero of 281 JOINT, and one firm-year in 644 satisfies the conjunction. Both figures at the section cited	The disclosure route that would separate them is closed twice over — by a selection argument, and by a count: sharpened to the sentence and to the named reporting unit, the disclosure ties the standard's own internal trigger to the unit it fired in **once in the 644 firm-years of the mandated window and not once in the 281 that took both charges** (`RESULT-REG-008` §2.2); §7 carries the second figure and §5.4 both.
paper-III	5f1a09fd56	REVIEW-001	H	git ls-files | grep REVIEW-001	docs/papers/paper-III-dual-tensor/REVIEW-001-internal-referee.md -- the internal referee report does ship with this paper, in this paper's own directory	Mayo's account is cited here at its origin rather than at its restatement, and the volume in which she and her critics argue it out directly is listed beside it, for the same reason this paper ships with `REVIEW-001`: an argument is easier to judge when its objections are in the room.
paper-III	0d93854088	src/wealth_tensor/lag.py	H	ls -l + git ls-files on darwin, wealthTensor-82	present, 164 lines, and it is the module §3 depends on	- **Modules:** `src/wealth_tensor/lag.py` · `src/wealth_tensor/lambda_sensitivity.py` · `src/wealth_tensor/edgar.py`
paper-III	f4ea301779	src/wealth_tensor/lambda_sensitivity.py	H	ls -l + git ls-files on darwin, wealthTensor-82	present, 178 lines, the §A.2.3 module	- **Modules:** `src/wealth_tensor/lag.py` · `src/wealth_tensor/lambda_sensitivity.py` · `src/wealth_tensor/edgar.py`
paper-III	cef5e43665	src/wealth_tensor/edgar.py	H	ls -l + git ls-files on darwin, wealthTensor-82	present, 643 lines, the §5 sampling module	- **Modules:** `src/wealth_tensor/lag.py` · `src/wealth_tensor/lambda_sensitivity.py` · `src/wealth_tensor/edgar.py`
paper-III	ac16838bdb	python3 scripts/wt027_report.py	H	run on darwin, wealthTensor-82; output in the session log	RC 0, and it prints exactly the five blocks the bullet enumerates: A the filter in isolation (§3.1's table), A' §3.1's prose-only figures incl. D(0)=1998.9895 and phi=0.9/0.1, B §3.2's table with full-path ratios, C the entropy-rate sweep, D §A.2.4's sawtooth	- **Regenerate §3 (and §A.2.4):** `python3 scripts/wt027_report.py` — **five blocks**: §3.1's table, §3.1's three prose-only figures (the sigmoidal lag at φ = 0.9 and φ = 0.1, and D(0) to four decimals), §3.2's table together with the full-path volatility ratios §3.2 quotes in prose, the entropy-rate sweep, and §A.2.4's sawtooth.
paper-III	d6c6430592	python3 scripts/wt002_lambda_report.py	H	run on darwin, wealthTensor-82; output in the session log	RC 0; regenerates §A.2.3's twelve-orders sweep	- **Regenerate §A.2.3:** `python3 scripts/wt002_lambda_report.py`
paper-III	314390a26e	python3 scripts/wt026_severe_test.py --universe pilot --onset peak	H	run on darwin, wealthTensor-82; output in the session log	RC 0. The bullet's own text says this reproduces the instrument and not the sample, and that is what it does -- it re-pulls companyfacts	- **Regenerate §5:** `python3 scripts/wt026_severe_test.py --universe pilot --onset peak` and `--universe replication --onset peak`.
paper-III	0833e298f0	docs/preregistration/RESULT-002-pilot-run.log	H	ls -l + git ls-files on darwin, wealthTensor-82	present, 93 lines, and it is the committed full output of the original pull: 244 events across 121 firms, VERDICT PREDICTION FAILS	§5.3's 244 and 444 events come from the original pull, whose full output is committed at `docs/preregistration/RESULT-002-pilot-run.log` and `RESULT-002-replication-run.log` — those logs, not a command, are the record of §5.3.
paper-III	6c9aacc322	RESULT-002-replication-run.log	H	ls -l + git ls-files on darwin, wealthTensor-82	present alongside it; 444 events. 244 + 444 = 688, the count §5.3 reports	§5.3's 244 and 444 events come from the original pull, whose full output is committed at `docs/preregistration/RESULT-002-pilot-run.log` and `RESULT-002-replication-run.log` — those logs, not a command, are the record of §5.3.
paper-III	f7674cbd06	python3 scripts/wt089_recognition_and_offdiagonal.py	H	run on darwin, wealthTensor-82; output in the session log	RC 0; prints §5.4's recognition rate, its shape fit, the off-diagonal lifts and the power curve, and its §2 reconciles the rebuild against RESULT-002 before computing a statistic, exactly as the bullet says	- **Regenerate §5.4:** `python3 scripts/wt089_recognition_and_offdiagonal.py`.
paper-III	070d5c7a60	wt026_severe_test.py	H	run on darwin, wealthTensor-82; output in the session log	confirmed by running it: wt026's output contains no recognition rate and no off-diagonal figure. This is -81's IV-1 finding stated from the other side, and it is correct here	§5.4 asks two questions of §5.3's sample that it was not collected for, and neither is answered by the command above: `wt026_severe_test.py` is §5.3's instrument and prints nothing about the recognition rate or the off-diagonal. This command re-pulls `companyfacts` as §5.3's does, so it reproduces the instrument and not the sample; its own §2 reconciles the rebuild against `RESULT-002` before it computes a statistic.
paper-III	6d9934a0bc	python3 -m pytest tests/ -q	H	run on darwin, wealthTensor-82; output in the session log	1090 passed, 0 failed, 68.73 s at HEAD 73b77f9	- **Test suite:** `python3 -m pytest tests/ -q` runs the whole repository; at the pinned commit **d655501** — the state that produced every result in §A.2 and §§2–3 — that suite held **100** tests, of which the **62** in `tests/test_edgar.py`, `tests/test_lag.py` and `tests/test_lambda_sensitivity.py` are the ones that hold this paper's claims in place.
paper-III	da618c466e	d655501	H	tests/test_paper_test_counts_are_derived.py (green in the 1090)	the 100 is not asserted, it is recomputed from git ls-tree at d655501 and asserted against the manuscript	- **Test suite:** `python3 -m pytest tests/ -q` runs the whole repository; at the pinned commit **d655501** — the state that produced every result in §A.2 and §§2–3 — that suite held **100** tests, of which the **62** in `tests/test_edgar.py`, `tests/test_lag.py` and `tests/test_lambda_sensitivity.py` are the ones that hold this paper's claims in place.
paper-III	fa005fbebe	tests/test_edgar.py	H	same test module	one of the three modules whose def-test count at the pin sums to 62; the test also asserts the paper NAMES every module it counts	- **Test suite:** `python3 -m pytest tests/ -q` runs the whole repository; at the pinned commit **d655501** — the state that produced every result in §A.2 and §§2–3 — that suite held **100** tests, of which the **62** in `tests/test_edgar.py`, `tests/test_lag.py` and `tests/test_lambda_sensitivity.py` are the ones that hold this paper's claims in place.
paper-III	82c20ffddf	tests/test_lag.py	H	git show d655501:tests/test_lag.py | grep -c '^def test_' vs HEAD	10 at the pin, 16 at HEAD -- SIX additions, and the six names map one-to-one onto the sentence's 2 + 1 + 3 breakdown (linear/not-linear, the algebraic collapse, and the three §4.4 guards)	- **Test suite:** `python3 -m pytest tests/ -q` runs the whole repository; at the pinned commit **d655501** — the state that produced every result in §A.2 and §§2–3 — that suite held **100** tests, of which the **62** in `tests/test_edgar.py`, `tests/test_lag.py` and `tests/test_lambda_sensitivity.py` are the ones that hold this paper's claims in place.
paper-III	af9d1b09c3	tests/test_lambda_sensitivity.py	H	same test module	third of the three	- **Test suite:** `python3 -m pytest tests/ -q` runs the whole repository; at the pinned commit **d655501** — the state that produced every result in §A.2 and §§2–3 — that suite held **100** tests, of which the **62** in `tests/test_edgar.py`, `tests/test_lag.py` and `tests/test_lambda_sensitivity.py` are the ones that hold this paper's claims in place.
paper-III	6399cc6879	tests/test_paper_test_counts_are_derived.py	H	read the module + it is green	it does fail if either count drifts: test_paper_iii_suite_total_at_the_pin_is_what_paper_iii_says and test_paper_ii_module_count_is_live_and_is_what_paper_ii_says	Both counts are derived from the repository rather than asserted, and `tests/test_paper_test_counts_are_derived.py` fails if either drifts.
paper-III	1ed2776564	tests/test_lag.py	H	git show d655501:tests/test_lag.py | grep -c '^def test_' vs HEAD	10 at the pin, 16 at HEAD -- SIX additions, and the six names map one-to-one onto the sentence's 2 + 1 + 3 breakdown (linear/not-linear, the algebraic collapse, and the three §4.4 guards)	The suite at the head of the repository is much larger — it grows with every registration in `docs/preregistration/`, which is why the paper-scoped count is the one quoted; **six** of its additions, all in `tests/test_lag.py`, guard claims this paper makes and change no model code: two for §3.1's closed form D(φ) = (1 − φ)·D(0) and its accompanying negative claim that the lag is *not* linear; one asserting the algebraic collapse §4 publishes — which had no test until an audit found the published form using the entropy rate where it meant the effective decay; and three added at commit **cc1d198** for §4.4, holding the crossing rate δ₃\*, the first-rung boundary, and the absence of a steady-state deferral measure once decay outruns recognition.
paper-III	b027807bb2	cc1d198	H	git log/cat-file on darwin, wealthTensor-82	type=commit, 2026-08-12, message 'REG-002 results, errata, ledger WT-088, and three tests S4.4 needed' -- three, in tests/test_lag.py	The suite at the head of the repository is much larger — it grows with every registration in `docs/preregistration/`, which is why the paper-scoped count is the one quoted; **six** of its additions, all in `tests/test_lag.py`, guard claims this paper makes and change no model code: two for §3.1's closed form D(φ) = (1 − φ)·D(0) and its accompanying negative claim that the lag is *not* linear; one asserting the algebraic collapse §4 publishes — which had no test until an audit found the published form using the entropy rate where it meant the effective decay; and three added at commit **cc1d198** for §4.4, holding the crossing rate δ₃\*, the first-rung boundary, and the absence of a steady-state deferral measure once decay outruns recognition.
paper-III	a3511853e3	docs/preregistration/PRE-001-wt026-observability-lag.md	H	ls -l + git ls-files on darwin, wealthTensor-82	present, 283 lines	- **Pre-registrations:** `docs/preregistration/PRE-001-wt026-observability-lag.md`, registered at commit **9722342** — a single-file commit containing the registration and nothing else · `docs/preregistration/PRE-002-wt026-peak-to-charge.md`, registered at commit **d655501**, which **also contains the implementation of PRE-002's instrument**; see the disclosure in §5.1.
paper-III	f0e2d9c802	9722342	H	git log/cat-file on darwin, wealthTensor-82	single-file commit; see L1188	- **Pre-registrations:** `docs/preregistration/PRE-001-wt026-observability-lag.md`, registered at commit **9722342** — a single-file commit containing the registration and nothing else · `docs/preregistration/PRE-002-wt026-peak-to-charge.md`, registered at commit **d655501**, which **also contains the implementation of PRE-002's instrument**; see the disclosure in §5.1.
paper-III	31fea3ed33	docs/preregistration/PRE-002-wt026-peak-to-charge.md	H	ls -l + git ls-files on darwin, wealthTensor-82	present, 146 lines	- **Pre-registrations:** `docs/preregistration/PRE-001-wt026-observability-lag.md`, registered at commit **9722342** — a single-file commit containing the registration and nothing else · `docs/preregistration/PRE-002-wt026-peak-to-charge.md`, registered at commit **d655501**, which **also contains the implementation of PRE-002's instrument**; see the disclosure in §5.1.
paper-III	a1e418ec3d	d655501	H	git log/cat-file on darwin, wealthTensor-82	the commit does also contain scripts/wt026_severe_test.py, which is the disclosure the bullet points §5.1 at	- **Pre-registrations:** `docs/preregistration/PRE-001-wt026-observability-lag.md`, registered at commit **9722342** — a single-file commit containing the registration and nothing else · `docs/preregistration/PRE-002-wt026-peak-to-charge.md`, registered at commit **d655501**, which **also contains the implementation of PRE-002's instrument**; see the disclosure in §5.1.
paper-III	6db7b7ce3d	PRE-002	H	git log/cat-file on darwin, wealthTensor-82	see the row above -- the 'also contains the implementation' clause is what git show confirms	- **Pre-registrations:** `docs/preregistration/PRE-001-wt026-observability-lag.md`, registered at commit **9722342** — a single-file commit containing the registration and nothing else · `docs/preregistration/PRE-002-wt026-peak-to-charge.md`, registered at commit **d655501**, which **also contains the implementation of PRE-002's instrument**; see the disclosure in §5.1.
paper-III	a195f2dc96	src/wealth_tensor/edgar.py	H	tests/test_pin001_code_state.py (green in the 1090)	test_each_pinned_path_was_last_touched_by_the_sha_the_paper_discloses goes red the moment a pinned module moves; it is green	- **Code state for the results reported here:** the per-file pins — `src/wealth_tensor/edgar.py` at commit **d655501**, `src/wealth_tensor/lag.py` at **ad779eb** (its only commit) and `src/wealth_tensor/lambda_sensitivity.py` at **b9089c7** — each verifiable with `git log -1 --format=%h <sha> -- <path>`.
paper-III	af81f3ed7a	d655501	H	same test	the second mention, in the byte-identity clause	- **Code state for the results reported here:** the per-file pins — `src/wealth_tensor/edgar.py` at commit **d655501**, `src/wealth_tensor/lag.py` at **ad779eb** (its only commit) and `src/wealth_tensor/lambda_sensitivity.py` at **b9089c7** — each verifiable with `git log -1 --format=%h <sha> -- <path>`.
paper-III	1ae72956c3	src/wealth_tensor/lag.py	H	same test	pinned at ad779eb	- **Code state for the results reported here:** the per-file pins — `src/wealth_tensor/edgar.py` at commit **d655501**, `src/wealth_tensor/lag.py` at **ad779eb** (its only commit) and `src/wealth_tensor/lambda_sensitivity.py` at **b9089c7** — each verifiable with `git log -1 --format=%h <sha> -- <path>`.
paper-III	08661953ec	ad779eb	H	git log/cat-file on darwin, wealthTensor-82	type=commit 2026-08-05, and git log -- src/wealth_tensor/lag.py shows it is that file's only commit, as the parenthesis claims	- **Code state for the results reported here:** the per-file pins — `src/wealth_tensor/edgar.py` at commit **d655501**, `src/wealth_tensor/lag.py` at **ad779eb** (its only commit) and `src/wealth_tensor/lambda_sensitivity.py` at **b9089c7** — each verifiable with `git log -1 --format=%h <sha> -- <path>`.
paper-III	6efe91d805	src/wealth_tensor/lambda_sensitivity.py	H	same test	pinned at b9089c7	- **Code state for the results reported here:** the per-file pins — `src/wealth_tensor/edgar.py` at commit **d655501**, `src/wealth_tensor/lag.py` at **ad779eb** (its only commit) and `src/wealth_tensor/lambda_sensitivity.py` at **b9089c7** — each verifiable with `git log -1 --format=%h <sha> -- <path>`.
paper-III	3de6bdab52	b9089c7	H	git log/cat-file on darwin, wealthTensor-82	type=commit 2026-08-05, 'lambda_sensitivity: WT-002 item 4'	- **Code state for the results reported here:** the per-file pins — `src/wealth_tensor/edgar.py` at commit **d655501**, `src/wealth_tensor/lag.py` at **ad779eb** (its only commit) and `src/wealth_tensor/lambda_sensitivity.py` at **b9089c7** — each verifiable with `git log -1 --format=%h <sha> -- <path>`.
paper-III	9add6ff45d	93a159b	H	git log/cat-file on darwin, wealthTensor-82	type=commit 2026-08-13, REG-006; its file list includes src/wealth_tensor/edgar.py -- the post-pin move the sentence discloses	`src/` as a whole has moved since, on companion-paper modules and, at **93a159b**, on one addition to `edgar.py` that appends the REG-006-corrected tier-0 tag list beside the registered one without editing it: the `TIER_TAGS` block that selected §5's published sample is byte-identical at **d655501** and at the head of the repository.
paper-III	c9994614d2	edgar.py	H	tests/test_pin001_code_state.py::test_the_registered_tier_tags_block_is_byte_identical_at_both_shas	the byte-identity claim is not prose: the test hashes the TIER_TAGS block at the pin and at HEAD against a constant imported from the script that made the edit. Green. A hand-rolled awk range gives a different digest and is wrong -- it swallows TIER_TAGS_REG006	`src/` as a whole has moved since, on companion-paper modules and, at **93a159b**, on one addition to `edgar.py` that appends the REG-006-corrected tier-0 tag list beside the registered one without editing it: the `TIER_TAGS` block that selected §5's published sample is byte-identical at **d655501** and at the head of the repository.
paper-III	78b602d06a	REG-006	H	read src/wealth_tensor/edgar.py L52-70	TIER_TAGS_REG006 is appended BESIDE TIER_TAGS, referencing TIER_TAGS[1..3] and replacing only tier 0 -- 'without editing it', as claimed	`src/` as a whole has moved since, on companion-paper modules and, at **93a159b**, on one addition to `edgar.py` that appends the REG-006-corrected tier-0 tag list beside the registered one without editing it: the `TIER_TAGS` block that selected §5's published sample is byte-identical at **d655501** and at the head of the repository.
paper-III	dc4e604aa3	d655501	H	same test	the second mention, in the byte-identity clause	`src/` as a whole has moved since, on companion-paper modules and, at **93a159b**, on one addition to `edgar.py` that appends the REG-006-corrected tier-0 tag list beside the registered one without editing it: the `TIER_TAGS` block that selected §5's published sample is byte-identical at **d655501** and at the head of the repository.
paper-III	e1e02600e0	0569ab6	H	git log/cat-file on darwin, wealthTensor-82	type=commit 2026-08-12; its file list contains data/pre-002-events.json and data/pre-002-riskset.json -- committed rather than re-fetched	The events analysed here were retrieved on **2026-08-12** and are committed rather than re-fetched, at commit **0569ab6**: `data/pre-002-events.json`, SHA-256 **`974d156b53dfb915f48bdc3df99d7f2f2dd146427fa537fd7bdff4a503006bf0`**, and `data/pre-002-riskset.json`, SHA-256 **`60627429d937bc42b9cf96a1be4bcfb78d198948a3212ac8f8c5e4412a436cce`**.
paper-III	37b5a0dc57	data/pre-002-events.json	H	shasum -a 256 on darwin	974d156b53dfb915f48bdc3df99d7f2f2dd146427fa537fd7bdff4a503006bf0 -- character for character what §11 prints	The events analysed here were retrieved on **2026-08-12** and are committed rather than re-fetched, at commit **0569ab6**: `data/pre-002-events.json`, SHA-256 **`974d156b53dfb915f48bdc3df99d7f2f2dd146427fa537fd7bdff4a503006bf0`**, and `data/pre-002-riskset.json`, SHA-256 **`60627429d937bc42b9cf96a1be4bcfb78d198948a3212ac8f8c5e4412a436cce`**.
paper-III	aebdfa4d76	data/pre-002-riskset.json	H	shasum -a 256 on darwin	60627429d937bc42b9cf96a1be4bcfb78d198948a3212ac8f8c5e4412a436cce -- character for character what §11 prints	The events analysed here were retrieved on **2026-08-12** and are committed rather than re-fetched, at commit **0569ab6**: `data/pre-002-events.json`, SHA-256 **`974d156b53dfb915f48bdc3df99d7f2f2dd146427fa537fd7bdff4a503006bf0`**, and `data/pre-002-riskset.json`, SHA-256 **`60627429d937bc42b9cf96a1be4bcfb78d198948a3212ac8f8c5e4412a436cce`**.
paper-III	e9010f8e1a	docs/preregistration/RESULT-002-*-run.log	R	cat both logs end to end + grep every drop increment in src/wealth_tensor/edgar.py	FAILED AS WRITTEN. The bullet claimed the attrition is broken down 'by universe and by tier' and instructed the reader to check for differential attrition by tier. Neither log carries any per-tier attrition, and edgar.py's `drops` counter is keyed by bucket alone, so nothing ever recorded it. Repaired in-pass by scripts/wt149_paperIII_drop_accounting.py (10/10 post-conditions)	- **Drop accounting for §5**, as required by the registrations: the attrition from candidate charges to the 688 analysed events is in the run logs at `docs/preregistration/RESULT-002-*-run.log`, one log per universe, counted per drop bucket.
paper-III	b2d5dcca15	edgar.py	H	grep -n 'drops\[' src/wealth_tensor/edgar.py	every increment in the file is drops["<bucket>"] += n against the flat DROP_BUCKETS tuple; there is no tier key. This artefact is named by wt149's replacement text and the claim it makes about it is the one just checked	**The count is per bucket and not per tier.** `edgar.py`'s `drops` counter is keyed by bucket alone, so *does attrition differ systematically by tier?* — the one selection channel capable of manufacturing the reported null — is not answerable from these logs.
paper-III	416f04fc33	test_pre001_constants_are_what_was_registered	H	grep -rln 'def test_pre001_constants_are_what_was_registered' tests/	defined in tests/test_edgar.py, green in the 1090; it does fail on an edited registered constant	`test_pre001_constants_are_what_was_registered` fails if any registered constant is edited, so a registration cannot be amended by stealth.
paper-III	0b29224189	test_a_flat_gini_does_not_mean_a_bounded_one	H	grep -rln in tests/	defined in tests/test_redistribution.py -- a companion module, which is what the sentence says. The sibling guard named beside it lives in tests/test_excess_demand.py, also a companion	Companion modules in this programme carry `test_excess_demand_is_monotone_here_so_this_is_not_an_SMD_result` and `test_a_flat_gini_does_not_mean_a_bounded_one`, both of which exist solely to make overclaiming fail loudly.
paper-III	150f86a167	docs/RESULT-END-TO-END-001-E1.md	H	read the document	§6 'What was done to the corpus' records the withdrawal and §2.2 records that it was written before the leg ran	The check, and the fact that the withdrawal was written down before it was run, are recorded in `docs/RESULT-END-TO-END-001-E1.md`; that this appendix still carried the withdrawn identification after the check had run is recorded in `docs/RESULT-END-TO-END-001-E3.md`.*
paper-III	79d2484c84	docs/RESULT-END-TO-END-001-E3.md	H	read the document	E3's admission table carries the row 'E1's applied remedy left a third copy of the withdrawn identification standing in Paper III' -- which is what this sentence says E3 records	The check, and the fact that the withdrawal was written down before it was run, are recorded in `docs/RESULT-END-TO-END-001-E1.md`; that this appendix still carried the withdrawn identification after the check had run is recorded in `docs/RESULT-END-TO-END-001-E3.md`.*
paper-III	01ed28c1a8	scripts/wt002_lambda_report.py	H	grep for each of the three names in the script and the module	variance_suppression, variance_concentration and n_crises all appear in scripts/wt002_lambda_report.py and in src/wealth_tensor/lambda_sensitivity.py -- the parenthesis names them correctly	Sweeping η across twelve orders of magnitude, from 10⁻⁶ to 10⁺⁶ currency units per joule, at **φ = 0.3, recognition mechanism live, 400 periods** (the diagnostics below are the same statistics §3.2 reports, under **this paper's names**; the module and `scripts/wt002_lambda_report.py` call them `variance_suppression`, `variance_concentration` and `n_crises`):
paper-III	0be14ef121	REG-005	H	read REG-005 §5 ladder I	ladder I's predicted rung is I2 and the stated reasoning is Jorgenson's density result read with the ill-conditioning of exponential sums -- which is what this reference annotation says REG-005 predicted	*Econometrica*, 34(1), 135–149. ✓ *(§4.10 cites it for the density result — that an arbitrary distributed lag may be approximated to any desired accuracy by a rational lag function, of which a constant hazard is the lowest-order member — which is the reason REG-005 predicted the shape would be invisible.
paper-III	1d538d6e60	scripts/wt085_returns_conditioning.py	H	grep -n E7 on the script	E7 exists and is titled 'THE ECONOMICS PRECEDENT, CHECKED RATHER THAN CITED' -- the Nerlove reduced form derived in-repository, which is exactly the annotation's claim	**Not read.** The bibliographic record is verified; the reduced-form algebra attributed here — symmetry of every systematic coefficient in β ↔ γ, asymmetry of the disturbance — was derived and checked in this repository (`scripts/wt085_returns_conditioning.py`, E7) rather than taken from Nerlove's text, and the entry claims nothing beyond the model's structure.
paper-III	51577ef2de	WT-062	H	grep -n WT-062 docs/LEDGER.md	LEDGER.md §WT-062 'search a personal library by TITLE, not by author' -- the sweep, not the citation, was wrong	The sweep, not the citation, was wrong — see WT-062.)*
paper-III	51d640d583	LEDGER.md	H	grep on docs/LEDGER.md	both entries are in it	Two entries were corrected, reverted, and corrected again as the library search improved — the citations were not wrong, the *search* was, and the record of that is in `LEDGER.md` WT-059 and WT-062.
paper-III	7e1c612368	WT-059	H	grep -n WT-059 docs/LEDGER.md	L1489, 'verifying a reference is not the same act as verifying a citation'	Two entries were corrected, reverted, and corrected again as the library search improved — the citations were not wrong, the *search* was, and the record of that is in `LEDGER.md` WT-059 and WT-062.
paper-III	f43958893d	WT-062	H	grep -n WT-062 docs/LEDGER.md	L1632; the two together are the corrected-reverted-corrected record	Two entries were corrected, reverted, and corrected again as the library search improved — the citations were not wrong, the *search* was, and the record of that is in `LEDGER.md` WT-059 and WT-062.
paper-III	3de0062bd0	LEDGER.md	H	grep on docs/LEDGER.md	present	See `LEDGER.md` WT-059.
paper-III	fbf201e451	WT-059	H	grep -n WT-059 docs/LEDGER.md	present at L1489	See `LEDGER.md` WT-059.
paper-IV	c21c167909	REG-013	H	read docs/preregistration/REG-013-...md + RESULT-REG-013.md §2-3	both ends of the scale ARE established in the same run: a split-half ceiling by seed-index parity and a CRISPR floor, and §3.1 says the controls are the measurement	Here it is a pre-registered citation-graph measurement (`REG-013`) with both ends of its scale established in the same run: a split-half control that cannot be tuned, and an unrelated-field floor.
paper-IV	388811fc0a	REG-013	H	run wt071 and pytest tests/test_excess_demand.py -q on darwin	'still in this repository and still runs' attaches to §5's and §8's apparatus: wt071_refuter.py RC 0 (9 severe, 0 failed) and the excess-demand module RC 0. §10 does name a command for each	Numbers appearing below without a citation to II or III come from two places and §10 names the command for each: §6's are `REG-013`'s, and §5's and §8's are the output of the fourth paper's apparatus, which is still in this repository and still runs.
paper-IV	ec8622f081	ADR-001	H	read docs/adr/ADR-001-paper-decomposition.md	the decomposition ADR exists and its stated purpose is avoiding duplication across the papers	They are named here because §3 composes them and §4 bounds them, and re-arguing them would be the duplication ADR-001's decomposition exists to avoid.
paper-IV	2ca97be67e	END-TO-END-001	H	read docs/RESULT-END-TO-END-001-E1.md	E1's title is 'the shared degeneracy, and the join does not hold'; §2.2's verdict is that what Paper III's filter does not recognise is deferred and what Paper II's base does not recognise is destroyed -- they are not the same object	`END-TO-END-001` leg `E1` asked whether the sovereign and firm scales stand in the relation the word *chain* asserts — whether Paper II's realisation share ρ and Paper III's observability share φ are the same object seen twice — and they are not.
paper-IV	420733e692	docs/RESULT-END-TO-END-001-E1.md	H	read §2.2 and §4	the demotion is in §2 and §4's admission accounting records that it was written before the leg was run	The demotion was written into that document's §2 **before** the leg was run, precisely so that it could not be renegotiated afterwards; `docs/RESULT-END-TO-END-001-E1.md` records the run and the reasoning.
paper-IV	a01f12e7be	REG-003	H	run on darwin, wealthTensor-82; output in the session log	wt089 prints 4.12x and 2.02x, both two-sided p = 0.0002, and a power curve reading 1.00 at pi = 0.05. RESULT-REG-006 carries the tag-list-repaired 4.01x/2.10x survival	Paper III registered that test (`REG-003`) and ran it, and **independence is rejected in both universes in the same direction — 4.12× and 2.02× the independence expectation, both *p* = 0.0002, in a design that detects an injected excess of five per cent of events with probability 1.00** (Paper III §5.4; the headline survives that section's tag-list repair at 4.01× and 2.10×).
paper-IV	d0729375b9	REG-013	H	git log/cat-file on darwin, wealthTensor-82	fff7063 (registration, 09:40:55) is an ancestor of 5efe626 (instrument, 09:56:54) -- sixteen minutes, and git merge-base --is-ancestor confirms the order	So it was measured instead, and pre-registered first (`REG-013`, committed before the instrument existed).
paper-IV	2c7b4a7914	RESULT-REG-013	H	read RESULT-REG-013.md §2	§2's drop-accounting table gives true audience 7 801 for T and 43 048 for X, with cap bounds 51% and 9.3% -- the two sizes §6 quotes	Both true-audience sizes are `RESULT-REG-013` §2's.
paper-IV	319a2a5520	END-TO-END-001	H	read E1 §2.1 and §2.2	the symbol table's own 'complement's fate' column reads deferred for phi and discarded for rho, and E1 states 'Paper II has no parameter that plays alpha's part'	`END-TO-END-001` leg `E1` shows the two shares are not the same kind of object: the unrecognised remainder is deferred in one and discarded in the other, and the firm scale carries a release rate α for which the sovereign scale has no counterpart.
paper-IV	cbd18be550	docs/papers/paper-I-price-formation/paper-I.md	H	wc -w on darwin + read L11	present, 730 lines, 7 527 words -- the 'roughly 7,400' the sentence points at; and its first heading is the SUPERSEDED banner, so 'marked so' holds too	It is not published and is not one of the papers this corpus joins; the draft itself is in the repository, superseded and marked so, at `docs/papers/paper-I-price-formation/paper-I.md` — which is the only place the word count above is checkable.
paper-IV	f2678f5680	REG-001	H	read docs/preregistration/RESULT-REG-001.md	the result document's title is 'NO VERDICT. The instrument was mis-specified in four ways' and its Outcome line says the registered test returns no verdict -- not a pass, not a fail	**A registered test of the generality, which returned no verdict.** With the P3 framing under pressure, a pre-registration (`REG-001`) was written to test whether the identity did work in a second setting where the incumbent apparatus could not follow.
paper-IV	9e03516d01	END-TO-END-001	H	read E1 §2.2 and §3	every clause holds: deferred vs never assessed, released at rate alpha, and 'Paper II has no parameter that plays alpha's part' verbatim	**The three scales share one question, not one structure.** The corpus's own end-to-end test (`END-TO-END-001` leg `E1`) asked whether the sovereign scale's realisation share and the firm scale's observability share are one object seen twice, and rejected it: what the firm scale's filter does not recognise is deferred and released at rate α, what the sovereign scale's base does not recognise is never assessed, and there is no parameter on one side playing α's part on the other.
paper-IV	e0e2183382	REG-013	H	read REG-013 §4 and RESULT-REG-013 §3	the registered decision rule reads occupancy of an intersection; nothing in either document claims fertility	**The whitespace measurement is about occupancy, not fertility.** `REG-013` can establish that an intersection is unoccupied.
paper-IV	029659c8b2	REG-013	H	read §10 as repaired	the two places are still two, and §10 still names a command for each after wt150	Numbers reported without a citation to Paper II or Paper III come from **two** places, which is what §1 says: §6's are `REG-013`'s, and §5's and §8's are the surviving apparatus of the fourth paper §8 describes.
paper-IV	cc284d40fa	docs/preregistration/REG-013-citation-graph-whitespace.md	H	ls -l + git ls-files on darwin, wealthTensor-82	present, 157 lines	- **Pre-registration:** `docs/preregistration/REG-013-citation-graph-whitespace.md`, committed in `fff7063`, before the instrument existed
paper-IV	55a9b6a983	fff7063	H	git log/cat-file on darwin, wealthTensor-82	type=commit, 2026-08-16 09:40:55, 'REG-013: the citation-graph whitespace, registered alone' -- and git show --name-only lists that one file	- **Pre-registration:** `docs/preregistration/REG-013-citation-graph-whitespace.md`, committed in `fff7063`, before the instrument existed
paper-IV	680347614f	scripts/reg013_citation_whitespace.py	H	ls -l + git ls-files on darwin, wealthTensor-82	present, 277 lines, and its docstring names REG-013 and fff7063 as its own registration	- **Instrument:** `scripts/reg013_citation_whitespace.py`
paper-IV	d1a2ee876e	docs/preregistration/RESULT-REG-013-run.log	H	ls -l + git ls-files on darwin, wealthTensor-82	present, 3 996 bytes, dated 2026-08-16 09:48 -- the committed output wt150's new bullet names	- **The record of §6:** `docs/preregistration/RESULT-REG-013-run.log` and `docs/preregistration/RESULT-REG-013-run.json`, the committed output of the 2026-08-16 run, with `docs/preregistration/RESULT-REG-013.md` reading the verdict off them.
paper-IV	2373b9d310	docs/preregistration/RESULT-REG-013-run.json	H	ls -l + git ls-files on darwin, wealthTensor-82	present, 8 500 bytes, same run	- **The record of §6:** `docs/preregistration/RESULT-REG-013-run.log` and `docs/preregistration/RESULT-REG-013-run.json`, the committed output of the 2026-08-16 run, with `docs/preregistration/RESULT-REG-013.md` reading the verdict off them.
paper-IV	b64ff1c700	docs/preregistration/RESULT-REG-013.md	H	read the document header	its Run line reads '2026-08-16, wealthTensor-53, darwin. Log RESULT-REG-013-run.log, JSON RESULT-REG-013-run.json' and its Verdict line reads the result off them	- **The record of §6:** `docs/preregistration/RESULT-REG-013-run.log` and `docs/preregistration/RESULT-REG-013-run.json`, the committed output of the 2026-08-16 run, with `docs/preregistration/RESULT-REG-013.md` reading the verdict off them.
paper-IV	d4dd6baf17	python3 scripts/reg013_citation_whitespace.py	R	run on darwin, wealthTensor-82; output in the session log	FAILED AS WRITTEN. §10 said 'Regenerate §6:' and named this command. Run on darwin 2026-08-18 it exited 1 on HTTP 429 from api.openalex.org inside the split-half ceiling control, and a clean run would not regenerate §6 either -- the audience is a live citing set that grows daily. The committed record (RESULT-REG-013-run.log/.json) was named nowhere in §10. Repaired in-pass by scripts/wt150_paperIV_reg013_record.py (10/10 post-conditions); the command keeps a bullet and stops claiming regeneration	- **Re-run the instrument:** `python3 scripts/reg013_citation_whitespace.py`.
paper-IV	c14cdd1f1b	python3 -m pytest tests/ -q	H	run on darwin, wealthTensor-82; output in the session log	1090 passed, 0 failed, 68.73 s	- **Test suite:** `python3 -m pytest tests/ -q`
paper-IV	d35227f459	src/wealth_tensor/redistribution.py	H	ls -l + git ls-files on darwin, wealthTensor-82	present, 233 lines -- Paper II's module	- **Papers cited as established results:** Paper II (`src/wealth_tensor/redistribution.py`, regenerated by `scripts/wt030_report.py`); Paper III (`src/wealth_tensor/lag.py`, regenerated by `scripts/wt027_report.py`, and `src/wealth_tensor/lambda_sensitivity.py`, regenerated by `scripts/wt002_lambda_report.py`).
paper-IV	f8f41df587	scripts/wt030_report.py	H	run on darwin, wealthTensor-82; output in the session log	RC 0	- **Papers cited as established results:** Paper II (`src/wealth_tensor/redistribution.py`, regenerated by `scripts/wt030_report.py`); Paper III (`src/wealth_tensor/lag.py`, regenerated by `scripts/wt027_report.py`, and `src/wealth_tensor/lambda_sensitivity.py`, regenerated by `scripts/wt002_lambda_report.py`).
paper-IV	76617b04e0	src/wealth_tensor/lag.py	H	ls -l + git ls-files on darwin, wealthTensor-82	present, 164 lines -- Paper III's	- **Papers cited as established results:** Paper II (`src/wealth_tensor/redistribution.py`, regenerated by `scripts/wt030_report.py`); Paper III (`src/wealth_tensor/lag.py`, regenerated by `scripts/wt027_report.py`, and `src/wealth_tensor/lambda_sensitivity.py`, regenerated by `scripts/wt002_lambda_report.py`).
paper-IV	e91d103026	scripts/wt027_report.py	H	run on darwin, wealthTensor-82; output in the session log	RC 0, five blocks	- **Papers cited as established results:** Paper II (`src/wealth_tensor/redistribution.py`, regenerated by `scripts/wt030_report.py`); Paper III (`src/wealth_tensor/lag.py`, regenerated by `scripts/wt027_report.py`, and `src/wealth_tensor/lambda_sensitivity.py`, regenerated by `scripts/wt002_lambda_report.py`).
paper-IV	91e98bf51b	src/wealth_tensor/lambda_sensitivity.py	H	ls -l + git ls-files on darwin, wealthTensor-82	present, 178 lines	- **Papers cited as established results:** Paper II (`src/wealth_tensor/redistribution.py`, regenerated by `scripts/wt030_report.py`); Paper III (`src/wealth_tensor/lag.py`, regenerated by `scripts/wt027_report.py`, and `src/wealth_tensor/lambda_sensitivity.py`, regenerated by `scripts/wt002_lambda_report.py`).
paper-IV	4c35bb44b7	scripts/wt002_lambda_report.py	H	run on darwin, wealthTensor-82; output in the session log	RC 0	- **Papers cited as established results:** Paper II (`src/wealth_tensor/redistribution.py`, regenerated by `scripts/wt030_report.py`); Paper III (`src/wealth_tensor/lag.py`, regenerated by `scripts/wt027_report.py`, and `src/wealth_tensor/lambda_sensitivity.py`, regenerated by `scripts/wt002_lambda_report.py`).
paper-IV	12dc448265	python3 scripts/wt089_recognition_and_offdiagonal.py	H	run on darwin, wealthTensor-82; output in the session log	RC 0 and it does print all four: 4.12x, 2.02x, two-sided p = 0.0002, and the power curve at pi = 0.05 -> 1.00. -81's repair holds	The diagonality rejection cited in §3, §4.4 and §9 comes from neither: it is Paper III §5.4's, and its command is `python3 scripts/wt089_recognition_and_offdiagonal.py`, which runs both universes in one pass and prints the 4.12× and 2.02× lifts, their *p* = 0.0002 and the power curve §3 quotes.
paper-IV	41744fe2ae	python3 scripts/wt026_severe_test.py --universe pilot --onset peak	H	run on darwin, wealthTensor-82; output in the session log	RC 0 and its output contains none of those numbers -- the negative claim the bullet makes about it is true	`python3 scripts/wt026_severe_test.py --universe pilot --onset peak` is Paper III §5.3's command, it answers a different question, and it prints none of those numbers; this bullet named it until wealthTensor-81.
paper-IV	10d2d456ea	python3 -m pytest tests/test_excess_demand.py -q	H	run on darwin, wealthTensor-82; output in the session log	RC 0; the module asserts the 399 interior grid points and the twelve-point four rather than printing them, so a verdict is what it returns -- as the bullet says	- **Regenerate §5 and §8:** `python3 -m pytest tests/test_excess_demand.py -q` for §5's schedule counts on the 399 interior grid points, its 500-point monotonicity sweep, and the twelve-point tie convention §8 records; `python3 scripts/wt071_refuter.py` for §5's crossing-height identity across all 25 allocations and for §8's *N*-dependence table and its control.
paper-IV	a00820b165	python3 scripts/wt071_refuter.py	H	run on darwin, wealthTensor-82; output in the session log	RC 0; prints the crossing-height identity across the 25 allocations and the N-dependence table with its control. 9 severe, 0 definitional, 0 failed	- **Regenerate §5 and §8:** `python3 -m pytest tests/test_excess_demand.py -q` for §5's schedule counts on the 399 interior grid points, its 500-point monotonicity sweep, and the twelve-point tie convention §8 records; `python3 scripts/wt071_refuter.py` for §5's crossing-height identity across all 25 allocations and for §8's *N*-dependence table and its control.
paper-IV	e238ae248a	src/wealth_tensor/excess_demand.py	H	ls -l + git ls-files on darwin, wealthTensor-82	present, 149 lines, and it is the module under both commands -- -81's IV-3 repair holds	The module under both is `src/wealth_tensor/excess_demand.py` — this paper's only `src/` dependency that is not a sibling's, and the one this bullet named neither until wealthTensor-81.
paper-IV	30191fec1a	tests/test_excess_demand.py	H	read the module	399 and the twelve-point four are asserts, not prints	§5's **399** interior grid points and §8's twelve-point **four** are *asserted* by `tests/test_excess_demand.py` rather than printed by it, so that command's output is a verdict and not a table.
paper-IV	e087b31b91	5efe626	H	git log/cat-file on darwin, wealthTensor-82	git log -- scripts/reg013_citation_whitespace.py returns exactly one commit, 5efe626. It is the last AND the only one touching the instrument, and its file list also contains paper-IV.md -- 'entered the repository together', as claimed	- **Commit for the results reported here:** **5efe626** — the last commit touching `scripts/reg013_citation_whitespace.py`, and therefore the state of the instrument that produced every number in §6.
paper-IV	ffc2d520de	scripts/reg013_citation_whitespace.py	H	git log/cat-file on darwin, wealthTensor-82	same single-commit history	- **Commit for the results reported here:** **5efe626** — the last commit touching `scripts/reg013_citation_whitespace.py`, and therefore the state of the instrument that produced every number in §6.
paper-IV	2f8a433aa7	test_the_forbidden_claim_is_red	H	grep -rln 'def test_the_forbidden_claim_is_red' tests/	defined in exactly two registration modules, tests/test_reg004_sec6_alpha_eff.py and tests/test_reg005_sec7_lag_transfer.py -- 'two', counted. -81's IV-4 repair holds	Two of the suite's overclaim-forbidding tests are named here, and the suite holds more than two: `test_the_forbidden_claim_is_red` appears in two registration modules and Paper III names a third, `test_pre001_constants_are_what_was_registered`.
paper-IV	59ad5eeffd	test_pre001_constants_are_what_was_registered	H	grep -rln in tests/	defined in tests/test_edgar.py, and Paper III §11 does name it -- the 'third' the sentence points at	Two of the suite's overclaim-forbidding tests are named here, and the suite holds more than two: `test_the_forbidden_claim_is_red` appears in two registration modules and Paper III names a third, `test_pre001_constants_are_what_was_registered`.
paper-IV	bf2138f041	test_a_flat_gini_does_not_mean_a_bounded_one	H	grep -rln in tests/ + grep Gini in paper-IV.md	defined in tests/test_redistribution.py, which is Paper II's module; and paper-IV.md reports no Gini figure, so 'this paper reports no Gini' holds	`test_a_flat_gini_does_not_mean_a_bounded_one` forbids a saturating statistic being read as convergence, which is **Paper II's** claim and not this one's — this paper reports no Gini — and it is named here because §3's sovereign scale rests on the result it guards.
paper-IV	75220244de	docs/papers/PREPRINT-CHECKLIST.md	H	ls -l + git ls-files on darwin, wealthTensor-82	present, 134 lines	*Bibliographic details are to be verified against live sources before submission, per `docs/papers/PREPRINT-CHECKLIST.md` and `docs/REFERENCE-POLICY.md`.
paper-IV	3df66f9481	docs/REFERENCE-POLICY.md	H	ls -l + git ls-files on darwin, wealthTensor-82	present, 243 lines	*Bibliographic details are to be verified against live sources before submission, per `docs/papers/PREPRINT-CHECKLIST.md` and `docs/REFERENCE-POLICY.md`.
